issue_key,created
PTL-953,2021-06-15
PTL-1146,2021-07-01
PTL-1209,2021-07-01
PTL-1327,2021-11-16
PTL-1329,2021-09-20
PTL-1334,2021-08-19
PTL-1335,2021-11-16
PTL-1342,2021-08-19
PTL-1347,2021-10-15
PTL-1355,2021-10-12
PTL-1358,2021-09-30
PTL-1365,2021-10-14
PTL-1370,2021-08-25
PTL-1372,2021-08-04
PTL-1380,2021-09-30
PTL-1438,2021-03-03
PTL-1450,2021-02-08
PTL-1489,2021-12-22
PTL-1634,2021-08-19
PTL-1639,2021-09-17
PTL-1648,2021-08-02
PTL-1649,2021-07-26
PTL-1656,2021-10-11
PTL-1657,2021-02-13
PTL-1658,2021-11-12
PTL-1660,2021-07-26
PTL-1661,2021-03-29
PTL-1665,2021-10-28
PTL-1668,2021-08-02
PTL-1675,2021-03-23
PTL-1678,2021-09-28
PTL-1680,2021-08-20
PTL-1681,2021-11-24
PTL-1684,2021-11-01
PTL-1703,2021-08-26
PTL-1704,2021-01-07
PTL-1719,2021-02-12
PTL-1721,2021-07-02
PTL-1726,2021-11-12
PTL-1729,2021-01-04
PTL-1731,2021-12-14
PTL-1734,2021-07-27
PTL-1739,2021-06-01
PTL-1748,2021-07-26
PTL-1749,2021-11-12
PTL-1757,2021-11-15
PTL-1758,2021-07-07
PTL-1759,2021-10-12
PTL-1760,2021-07-26
PTL-1775,2021-12-23
PTL-1780,2021-06-01
PTL-1783,2021-05-25
PTL-1785,2021-08-02
PTL-1789,2021-09-27
PTL-1792,2021-07-26
PTL-1793,2021-07-22
PTL-1794,2021-07-29
PTL-1804,2021-07-28
PTL-1809,2021-09-20
PTL-1810,2021-02-19
PTL-1815,2021-03-30
PTL-1821,2021-09-20
PTL-1823,2021-08-02
PTL-1828,2021-07-27
PTL-1834,2021-08-02
PTL-1853,2021-09-17
PTL-1855,2021-11-12
PTL-1856,2021-07-27
PTL-1953,2021-05-13
PTL-1954,2021-07-16
PTL-1956,2021-10-20
PTL-1957,2021-10-20
PTL-1958,2021-09-23
PTL-1969,2021-08-01
PTL-1976,2021-07-02
PTL-1978,2021-04-29
PTL-1979,2021-07-27
PTL-1980,2021-04-29
PTL-1981,2021-07-10
PTL-1984,2021-10-23
PTL-1986,2021-03-01
PTL-1987,2021-07-02
PTL-1989,2021-03-01
PTL-1991,2021-10-20
PTL-1994,2021-03-07
PTL-1997,2021-10-21
PTL-1998,2021-03-07
PTL-2011,2021-03-07
PTL-2013,2021-10-20
PTL-2015,2021-07-05
PTL-2016,2021-05-06
PTL-2020,2021-05-14
PTL-2021,2021-03-23
PTL-2022,2021-07-12
PTL-2023,2021-12-30
PTL-2084,2021-01-14
PTL-2088,2021-03-17
PTL-2094,2021-01-05
PTL-2096,2021-11-17
PTL-2106,2021-03-17
PTL-2107,2021-01-05
PTL-2110,2021-04-04
PTL-2125,2021-04-16
PTL-2126,2021-01-13
PTL-2150,2021-08-31
PTL-2153,2021-04-04
PTL-2158,2021-01-15
PTL-2171,2021-03-22
PTL-2174,2021-10-05
PTL-2255,2021-04-13
PTL-2310,2021-01-25
PTL-2311,2021-11-18
PTL-2323,2021-03-23
PTL-2362,2021-09-27
PTL-2367,2021-04-15
PTL-2375,2021-02-15
PTL-2424,2021-08-06
PTL-2427,2021-10-21
PTL-2429,2021-02-15
PTL-2433,2021-02-18
PTL-2515,2021-04-30
PTL-2530,2021-09-27
PTL-2584,2021-11-09
PTL-2585,2021-12-16
PTL-2604,2021-03-09
PTL-2605,2021-11-09
PTL-2632,2021-09-27
PTL-2675,2021-04-15
PTL-2701,2021-11-09
PTL-2705,2021-01-26
PTL-2780,2021-07-09
PTL-3177,2021-09-28
PTL-3179,2021-08-27
PTL-3188,2021-06-04
PTL-3197,2021-11-09
PTL-3199,2021-03-04
PTL-3202,2021-11-09
PTL-3206,2021-03-19
PTL-3214,2021-03-16
PTL-3220,2021-10-28
PTL-3221,2021-09-01
PTL-3225,2021-11-09
PTL-3232,2021-09-01
PTL-3233,2021-06-25
PTL-3236,2021-11-09
PTL-3237,2021-08-09
PTL-3238,2021-09-07
PTL-3245,2021-10-25
PTL-3246,2021-12-27
PTL-3254,2021-04-25
PTL-3259,2021-01-27
PTL-3263,2021-12-16
PTL-3264,2021-06-22
PTL-3268,2021-05-19
PTL-3275,2021-01-26
PTL-3281,2021-09-27
PTL-3282,2021-07-30
PTL-3283,2021-11-09
PTL-3284,2021-12-13
PTL-3289,2021-06-23
PTL-3291,2021-03-04
PTL-3293,2021-05-24
PTL-3300,2021-01-26
PTL-3314,2021-08-08
PTL-3317,2021-09-23
PTL-3319,2021-12-19
PTL-3323,2021-09-01
PTL-3328,2021-10-18
PTL-3329,2021-03-04
PTL-3339,2021-11-09
PTL-3345,2021-10-07
PTL-3350,2021-06-21
PTL-3357,2021-11-09
PTL-3366,2021-09-23
PTL-3376,2021-11-05
PTL-3381,2021-06-14
PTL-3382,2021-11-15
PTL-3389,2021-08-04
PTL-3393,2021-03-10
PTL-3401,2021-06-25
PTL-3402,2021-08-18
PTL-3403,2021-09-22
PTL-3406,2021-09-01
PTL-3414,2021-08-23
PTL-3421,2021-06-02
PTL-3429,2021-01-27
PTL-3439,2021-08-13
PTL-3444,2021-05-18
PTL-3450,2021-09-16
PTL-3454,2021-03-05
PTL-3455,2021-04-15
PTL-3458,2021-12-17
PTL-3466,2021-10-24
PTL-3468,2021-06-16
PTL-3469,2021-11-09
PTL-3472,2021-09-21
PTL-3481,2021-08-19
PTL-3488,2021-11-09
PTL-3496,2021-08-10
PTL-3501,2021-06-04
PTL-3512,2021-09-21
PTL-3516,2021-01-13
PTL-3517,2021-08-08
PTL-3521,2021-02-19
PTL-3855,2021-02-19
PTL-3861,2021-07-13
PTL-3901,2021-04-12
PTL-3915,2021-09-09
PTL-4018,2021-06-17
PTL-4101,2021-07-13
PTL-4241,2021-07-02
PTL-4282,2021-07-13
PTL-4288,2021-04-16
PTL-4294,2021-03-07
PTL-4297,2021-07-10
PTL-4302,2021-02-09
PTL-4316,2021-06-15
PTL-4346,2021-12-22
PTL-4379,2021-07-13
PTL-4419,2021-07-13
PTL-4441,2021-07-10
PTL-4453,2021-07-13
PTL-4467,2021-05-17
PTL-4495,2021-10-14
PTL-4509,2021-12-27
PTL-4546,2021-12-16
PTL-4554,2021-05-11
PTL-4580,2021-07-10
PTL-4599,2021-07-29
PTL-4620,2021-04-26
PTL-4822,2021-05-21
PTL-4841,2021-06-03
PTL-4847,2021-01-29
PTL-4854,2021-09-23
PTL-4859,2021-12-07
PTL-4887,2021-12-05
PTL-4895,2021-01-27
PTL-4907,2021-01-27
PTL-4913,2021-05-21
PTL-4921,2021-09-27
PTL-4922,2021-08-24
PTL-5029,2021-02-10
PTL-5034,2021-02-11
PTL-5036,2021-11-30
PTL-5047,2021-08-27
PTL-5053,2021-10-06
PTL-5067,2021-09-09
PTL-5087,2021-05-10
PTL-5089,2021-02-10
PTL-5091,2021-02-18
PTL-5101,2021-09-24
PTL-5108,2021-07-09
PTL-5110,2021-02-11
PTL-5114,2021-03-26
PTL-5115,2021-09-17
PTL-5126,2021-08-16
PTL-5128,2021-02-18
PTL-5131,2021-02-10
PTL-5132,2021-02-11
PTL-5147,2021-03-05
PTL-5153,2021-08-27
PTL-5157,2021-08-18
PTL-5165,2021-08-27
PTL-5172,2021-04-15
PTL-5183,2021-11-30
PTL-5312,2021-03-19
PTL-5314,2021-03-27
PTL-5318,2021-03-17
PTL-5320,2021-03-26
PTL-5321,2021-03-16
PTL-5322,2021-07-02
PTL-5325,2021-03-19
PTL-5327,2021-04-05
PTL-5329,2021-03-19
PTL-5330,2021-03-27
PTL-5331,2021-03-27
PTL-5332,2021-03-19
PTL-5338,2021-07-02
PTL-5339,2021-03-27
PTL-5340,2021-04-23
PTL-5341,2021-03-25
PTL-5342,2021-04-22
PTL-5343,2021-03-04
PTL-5345,2021-07-02
PTL-5347,2021-02-08
PTL-5349,2021-10-31
PTL-5353,2021-03-16
PTL-5359,2021-10-25
PTL-5363,2021-07-29
PTL-5364,2021-03-27
PTL-5376,2021-02-04
PTL-5379,2021-03-04
PTL-5380,2021-04-27
PTL-5382,2021-09-08
PTL-5384,2021-03-02
PTL-5387,2021-08-03
PTL-5391,2021-03-30
PTL-5392,2021-06-07
PTL-5395,2021-12-07
PTL-5400,2021-04-27
PTL-5407,2021-03-19
PTL-5410,2021-03-03
PTL-5417,2021-03-02
PTL-5420,2021-09-06
PTL-5427,2021-01-08
PTL-5431,2021-07-14
PTL-5433,2021-09-20
PTL-5440,2021-03-02
PTL-5447,2021-08-11
PTL-5517,2021-08-04
PTL-5546,2021-02-03
PTL-5551,2021-03-12
PTL-5555,2021-12-24
PTL-5567,2021-12-23
PTL-5609,2021-09-28
PTL-5611,2021-01-28
PTL-5649,2021-06-25
PTL-5664,2021-02-25
PTL-5747,2021-08-24
PTL-5773,2021-08-13
PTL-5824,2021-01-18
PTL-5849,2021-03-18
PTL-5860,2021-10-26
PTL-5876,2021-06-25
PTL-5899,2021-04-12
PTL-5936,2021-12-29
PTL-5954,2021-08-13
PTL-5977,2021-08-12
PTL-6007,2021-10-26
PTL-6425,2021-03-25
PTL-6636,2021-04-15
PTL-6654,2021-08-31
PTL-6671,2021-06-17
PTL-6696,2021-06-04
PTL-6697,2021-05-20
PTL-6707,2021-05-15
PTL-6713,2021-03-05
PTL-6720,2021-02-02
PTL-6741,2021-05-14
PTL-6745,2021-04-01
PTL-6888,2021-02-28
PTL-6896,2021-12-07
PTL-6901,2021-03-30
PTL-6902,2021-02-24
PTL-6909,2021-06-23
PTL-6910,2021-03-02
PTL-6943,2021-11-16
PTL-7123,2021-02-08
PTL-7192,2021-07-20
PTL-7369,2021-04-01
PTL-7392,2021-07-16
PTL-7399,2021-07-18
PTL-7407,2021-07-17
PTL-7420,2021-03-19
PTL-7423,2021-04-22
PTL-7436,2021-05-24
PTL-7453,2021-07-19
PTL-7462,2021-12-23
PTL-7468,2021-02-25
PTL-7472,2021-07-18
PTL-7494,2021-02-14
PTL-7522,2021-07-16
PTL-7530,2021-03-12
PTL-7538,2021-07-17
PTL-7541,2021-07-17
PTL-7552,2021-07-17
PTL-7685,2021-10-13
PTL-7687,2021-12-27
PTL-7689,2021-08-05
PTL-7691,2021-12-27
PTL-7697,2021-02-08
PTL-7700,2021-12-27
PTL-7706,2021-12-27
PTL-7715,2021-12-27
PTL-7718,2021-12-27
PTL-7749,2021-08-11
PTL-7779,2021-06-29
PTL-7785,2021-11-12
PTL-7790,2021-11-15
PTL-7806,2021-11-12
PTL-7807,2021-11-12
PTL-7809,2021-11-15
PTL-7812,2021-11-15
PTL-7813,2021-11-12
PTL-7814,2021-06-14
PTL-7817,2021-12-22
PTL-7857,2021-11-03
PTL-7861,2021-12-15
PTL-7863,2021-11-02
PTL-7866,2021-07-14
PTL-7891,2021-08-19
PTL-7892,2021-11-03
PTL-7913,2021-12-09
PTL-7915,2021-12-27
PTL-7916,2021-12-24
PTL-7918,2021-12-09
PTL-7919,2021-12-16
PTL-7955,2021-05-17
PTL-7969,2021-12-10
PTL-7973,2021-06-04
PTL-7983,2021-06-04
PTL-7984,2021-01-13
PTL-7991,2021-05-05
PTL-7996,2021-05-17
PTL-8001,2021-08-03
PTL-8009,2021-05-04
PTL-8017,2021-08-04
PTL-8115,2021-12-09
PTL-8119,2021-11-16
PTL-8145,2021-11-16
PTL-8165,2021-08-19
PTL-8179,2021-11-15
PTL-8262,2021-08-26
PTL-8263,2021-08-26
PTL-8264,2021-01-26
PTL-8265,2021-08-26
PTL-8268,2021-08-25
PTL-8269,2021-08-26
PTL-8271,2021-01-04
PTL-8272,2021-01-12
PTL-8273,2021-12-01
PTL-8274,2021-08-26
PTL-8277,2021-08-26
PTL-8322,2021-12-07
PTL-8347,2021-07-26
PTL-8366,2021-11-19
PTL-8368,2021-03-12
PTL-8370,2021-11-08
PTL-8372,2021-03-31
PTL-8373,2021-06-11
PTL-8375,2021-04-16
PTL-8376,2021-06-11
PTL-8378,2021-03-13
PTL-8379,2021-06-07
PTL-8380,2021-03-23
PTL-8382,2021-06-11
PTL-8383,2021-03-11
PTL-8422,2021-11-22
PTL-8435,2021-09-27
PTL-8477,2021-03-25
PTL-8509,2021-07-11
PTL-8526,2021-10-27
PTL-8555,2021-06-04
PTL-8567,2021-09-27
PTL-8570,2021-08-04
PTL-8574,2021-04-18
PTL-8580,2021-11-03
PTL-8592,2021-09-02
PTL-8614,2021-01-15
PTL-8628,2021-08-31
PTL-8668,2021-09-07
PTL-8718,2021-03-12
PTL-8722,2021-09-27
PTL-8752,2021-11-01
PTL-8758,2021-02-26
PTL-8775,2021-07-15
PTL-8811,2021-04-20
PTL-8829,2021-07-13
PTL-8850,2021-10-27
PTL-8851,2021-04-09
PTL-8895,2021-08-18
PTL-9184,2021-08-02
PTL-9185,2021-01-06
PTL-9186,2021-12-06
PTL-9188,2021-04-08
PTL-9189,2021-05-26
PTL-9190,2021-05-25
PTL-9192,2021-03-20
PTL-9193,2021-05-10
PTL-9194,2021-03-20
PTL-9195,2021-03-20
PTL-9196,2021-02-26
PTL-9198,2021-01-06
PTL-9199,2021-01-21
PTL-9200,2021-06-01
PTL-9212,2021-04-01
PTL-9215,2021-07-02
PTL-9216,2021-05-27
PTL-9217,2021-11-24
PTL-9218,2021-09-21
PTL-9243,2021-07-08
PTL-9244,2021-07-09
PTL-9245,2021-06-04
PTL-9247,2021-06-04
PTL-9248,2021-10-06
PTL-9250,2021-07-09
PTL-9251,2021-07-09
PTL-9252,2021-06-16
PTL-9263,2021-08-19
PTL-9264,2021-12-02
PTL-9265,2021-12-15
PTL-9284,2021-07-22
PTL-9285,2021-12-06
PTL-9291,2021-12-02
PTL-9327,2021-05-28
PTL-9330,2021-03-31
PTL-9333,2021-03-31
PTL-9334,2021-12-13
PTL-9335,2021-12-15
PTL-9338,2021-12-17
PTL-9345,2021-02-26
PTL-9349,2021-06-01
PTL-9350,2021-02-04
PTL-9353,2021-12-02
PTL-9356,2021-03-04
PTL-9368,2021-02-11
PTL-9374,2021-03-24
PTL-9380,2021-12-17
PTL-9383,2021-12-07
PTL-9395,2021-03-24
PTL-9406,2021-12-14
PTL-9408,2021-05-26
PTL-9411,2021-12-06
PTL-9414,2021-12-14
PTL-9418,2021-12-06
PTL-9421,2021-02-08
PTL-9422,2021-12-15
PTL-9428,2021-02-11
PTL-9429,2021-03-31
PTL-9630,2021-08-23
PTL-9673,2021-06-01
PTL-9674,2021-11-02
PTL-9675,2021-04-01
PTL-9678,2021-09-09
PTL-9684,2021-10-08
PTL-28,2022-12-14
PTL-888,2022-11-26
PTL-890,2022-10-04
PTL-891,2022-10-04
PTL-892,2022-11-26
PTL-893,2022-07-15
PTL-895,2022-08-23
PTL-918,2022-03-30
PTL-939,2022-03-25
PTL-952,2022-11-21
PTL-954,2022-03-03
PTL-957,2022-03-15
PTL-962,2022-04-21
PTL-967,2022-05-06
PTL-972,2022-02-03
PTL-973,2022-03-03
PTL-974,2022-05-06
PTL-979,2022-03-15
PTL-983,2022-12-02
PTL-984,2022-09-25
PTL-985,2022-12-09
PTL-986,2022-11-30
PTL-987,2022-09-25
PTL-989,2022-12-27
PTL-990,2022-09-24
PTL-992,2022-09-25
PTL-993,2022-04-13
PTL-994,2022-12-02
PTL-995,2022-11-28
PTL-998,2022-09-07
PTL-1000,2022-04-04
PTL-1001,2022-04-04
PTL-1003,2022-11-30
PTL-1004,2022-11-30
PTL-1005,2022-09-19
PTL-1008,2022-11-29
PTL-1009,2022-11-29
PTL-1010,2022-04-07
PTL-1012,2022-11-30
PTL-1013,2022-11-08
PTL-1014,2022-09-25
PTL-1015,2022-11-28
PTL-1058,2022-03-29
PTL-1059,2022-03-14
PTL-1081,2022-03-09
PTL-1083,2022-07-20
PTL-1152,2022-03-21
PTL-1158,2022-03-14
PTL-1178,2022-03-25
PTL-1188,2022-03-07
PTL-1190,2022-02-23
PTL-1197,2022-03-04
PTL-1205,2022-09-26
PTL-1210,2022-04-01
PTL-1278,2022-03-08
PTL-1279,2022-04-07
PTL-1283,2022-04-07
PTL-1299,2022-03-11
PTL-1324,2022-12-23
PTL-1325,2022-07-11
PTL-1326,2022-07-06
PTL-1331,2022-03-17
PTL-1332,2022-05-24
PTL-1333,2022-06-21
PTL-1337,2022-08-19
PTL-1338,2022-11-22
PTL-1339,2022-06-01
PTL-1340,2022-08-05
PTL-1344,2022-03-02
PTL-1348,2022-09-21
PTL-1349,2022-07-11
PTL-1350,2022-03-02
PTL-1353,2022-11-28
PTL-1354,2022-03-02
PTL-1356,2022-03-14
PTL-1359,2022-09-02
PTL-1361,2022-03-10
PTL-1362,2022-10-04
PTL-1363,2022-02-09
PTL-1364,2022-07-13
PTL-1366,2022-06-28
PTL-1367,2022-08-30
PTL-1368,2022-05-11
PTL-1371,2022-10-31
PTL-1373,2022-03-17
PTL-1374,2022-02-03
PTL-1376,2022-10-22
PTL-1377,2022-01-18
PTL-1378,2022-05-25
PTL-1379,2022-01-20
PTL-1434,2022-11-07
PTL-1444,2022-01-16
PTL-1445,2022-05-04
PTL-1452,2022-04-29
PTL-1453,2022-02-17
PTL-1459,2022-01-18
PTL-1462,2022-05-17
PTL-1467,2022-07-08
PTL-1483,2022-05-26
PTL-1544,2022-11-15
PTL-1545,2022-11-17
PTL-1551,2022-12-22
PTL-1554,2022-11-01
PTL-1561,2022-12-22
PTL-1569,2022-11-15
PTL-1575,2022-09-29
PTL-1585,2022-11-17
PTL-1589,2022-10-26
PTL-1636,2022-03-16
PTL-1638,2022-07-07
PTL-1644,2022-03-09
PTL-1650,2022-10-06
PTL-1655,2022-12-14
PTL-1677,2022-03-16
PTL-1683,2022-05-26
PTL-1702,2022-07-08
PTL-1710,2022-03-16
PTL-1717,2022-08-22
PTL-1720,2022-11-30
PTL-1727,2022-03-17
PTL-1728,2022-02-23
PTL-1740,2022-11-03
PTL-1746,2022-02-23
PTL-1756,2022-01-27
PTL-1766,2022-09-29
PTL-1782,2022-07-08
PTL-1790,2022-03-21
PTL-1797,2022-04-14
PTL-1816,2022-02-23
PTL-1819,2022-06-03
PTL-1826,2022-11-30
PTL-1831,2022-03-15
PTL-1832,2022-01-03
PTL-1839,2022-03-16
PTL-1840,2022-09-15
PTL-1841,2022-08-16
PTL-1842,2022-02-23
PTL-1844,2022-10-20
PTL-1849,2022-02-23
PTL-1948,2022-02-08
PTL-1949,2022-01-03
PTL-1950,2022-01-10
PTL-1952,2022-02-08
PTL-1955,2022-04-11
PTL-1962,2022-08-19
PTL-1963,2022-08-22
PTL-1964,2022-10-27
PTL-1965,2022-02-08
PTL-1967,2022-01-10
PTL-1970,2022-01-10
PTL-1972,2022-02-07
PTL-1973,2022-01-10
PTL-1975,2022-01-10
PTL-1985,2022-01-04
PTL-1988,2022-02-07
PTL-1990,2022-01-10
PTL-1992,2022-02-09
PTL-1993,2022-01-10
PTL-1996,2022-01-10
PTL-1999,2022-02-07
PTL-2000,2022-01-10
PTL-2002,2022-02-07
PTL-2003,2022-02-15
PTL-2005,2022-01-04
PTL-2006,2022-01-10
PTL-2007,2022-01-10
PTL-2009,2022-01-04
PTL-2010,2022-12-22
PTL-2012,2022-02-22
PTL-2014,2022-01-31
PTL-2017,2022-01-10
PTL-2018,2022-01-10
PTL-2019,2022-01-31
PTL-2086,2022-07-07
PTL-2091,2022-02-15
PTL-2092,2022-04-29
PTL-2100,2022-06-01
PTL-2101,2022-02-17
PTL-2109,2022-07-07
PTL-2113,2022-07-15
PTL-2121,2022-05-11
PTL-2124,2022-10-24
PTL-2135,2022-02-21
PTL-2137,2022-07-04
PTL-2142,2022-07-12
PTL-2143,2022-02-16
PTL-2144,2022-07-05
PTL-2147,2022-07-07
PTL-2151,2022-02-18
PTL-2156,2022-02-16
PTL-2160,2022-11-10
PTL-2163,2022-11-02
PTL-2167,2022-07-16
PTL-2172,2022-09-15
PTL-2173,2022-02-16
PTL-2233,2022-12-06
PTL-2235,2022-06-10
PTL-2238,2022-09-27
PTL-2244,2022-12-09
PTL-2246,2022-10-03
PTL-2248,2022-12-06
PTL-2251,2022-05-17
PTL-2252,2022-09-06
PTL-2254,2022-12-06
PTL-2260,2022-06-22
PTL-2266,2022-12-06
PTL-2269,2022-12-06
PTL-2271,2022-12-07
PTL-2272,2022-11-09
PTL-2273,2022-11-24
PTL-2274,2022-06-14
PTL-2276,2022-09-29
PTL-2277,2022-08-19
PTL-2279,2022-09-12
PTL-2281,2022-07-20
PTL-2284,2022-12-06
PTL-2285,2022-09-06
PTL-2286,2022-10-03
PTL-2295,2022-12-06
PTL-2301,2022-08-23
PTL-2306,2022-09-06
PTL-2308,2022-08-11
PTL-2309,2022-06-06
PTL-2313,2022-12-06
PTL-2315,2022-06-15
PTL-2316,2022-07-04
PTL-2319,2022-04-28
PTL-2320,2022-10-03
PTL-2324,2022-06-24
PTL-2327,2022-11-17
PTL-2330,2022-10-03
PTL-2331,2022-06-17
PTL-2333,2022-07-18
PTL-2334,2022-05-27
PTL-2337,2022-01-21
PTL-2338,2022-03-28
PTL-2339,2022-12-07
PTL-2340,2022-09-02
PTL-2344,2022-09-20
PTL-2350,2022-12-28
PTL-2351,2022-09-22
PTL-2361,2022-09-20
PTL-2364,2022-12-06
PTL-2366,2022-05-18
PTL-2369,2022-09-14
PTL-2370,2022-09-02
PTL-2374,2022-09-07
PTL-2381,2022-10-03
PTL-2390,2022-09-06
PTL-2396,2022-09-16
PTL-2399,2022-12-09
PTL-2400,2022-09-20
PTL-2405,2022-11-08
PTL-2407,2022-09-06
PTL-2411,2022-10-10
PTL-2420,2022-10-03
PTL-2428,2022-12-07
PTL-2431,2022-12-07
PTL-2432,2022-10-21
PTL-2435,2022-09-12
PTL-2436,2022-12-02
PTL-2439,2022-10-03
PTL-2442,2022-12-06
PTL-2445,2022-06-17
PTL-2447,2022-08-01
PTL-2452,2022-11-24
PTL-2457,2022-11-18
PTL-2459,2022-06-03
PTL-2460,2022-10-03
PTL-2463,2022-11-11
PTL-2466,2022-09-02
PTL-2467,2022-12-07
PTL-2471,2022-07-29
PTL-2472,2022-08-11
PTL-2474,2022-10-03
PTL-2475,2022-09-06
PTL-2483,2022-10-03
PTL-2488,2022-09-29
PTL-2489,2022-05-24
PTL-2495,2022-09-06
PTL-2496,2022-08-31
PTL-2505,2022-09-23
PTL-2508,2022-07-11
PTL-2514,2022-12-06
PTL-2517,2022-12-07
PTL-2519,2022-10-03
PTL-2520,2022-05-20
PTL-2521,2022-04-04
PTL-2523,2022-10-03
PTL-2527,2022-10-21
PTL-2529,2022-06-27
PTL-2531,2022-10-04
PTL-2532,2022-12-16
PTL-2534,2022-10-03
PTL-2537,2022-10-03
PTL-2545,2022-06-23
PTL-2550,2022-07-25
PTL-2551,2022-05-26
PTL-2552,2022-10-03
PTL-2555,2022-02-21
PTL-2556,2022-12-06
PTL-2557,2022-12-06
PTL-2560,2022-08-04
PTL-2563,2022-10-03
PTL-2565,2022-09-06
PTL-2571,2022-10-03
PTL-2573,2022-06-07
PTL-2577,2022-06-08
PTL-2583,2022-09-02
PTL-2586,2022-08-17
PTL-2590,2022-08-31
PTL-2593,2022-09-09
PTL-2597,2022-09-02
PTL-2603,2022-10-28
PTL-2606,2022-12-06
PTL-2608,2022-12-05
PTL-2610,2022-12-06
PTL-2612,2022-10-03
PTL-2616,2022-09-22
PTL-2621,2022-08-16
PTL-2622,2022-09-06
PTL-2633,2022-09-08
PTL-2634,2022-06-24
PTL-2635,2022-10-03
PTL-2638,2022-10-03
PTL-2640,2022-06-27
PTL-2641,2022-09-19
PTL-2644,2022-10-03
PTL-2645,2022-09-23
PTL-2647,2022-12-06
PTL-2650,2022-10-03
PTL-2651,2022-08-04
PTL-2661,2022-12-07
PTL-2674,2022-07-26
PTL-2677,2022-10-03
PTL-2681,2022-12-06
PTL-2683,2022-07-18
PTL-2684,2022-11-22
PTL-2685,2022-10-03
PTL-2687,2022-06-17
PTL-2689,2022-12-06
PTL-2690,2022-09-15
PTL-2691,2022-10-03
PTL-2695,2022-12-06
PTL-2697,2022-12-05
PTL-2700,2022-12-09
PTL-2703,2022-10-03
PTL-2712,2022-12-07
PTL-2713,2022-09-30
PTL-2717,2022-07-28
PTL-2718,2022-09-26
PTL-2720,2022-06-10
PTL-2721,2022-06-10
PTL-2725,2022-10-03
PTL-2730,2022-12-06
PTL-2734,2022-10-03
PTL-2735,2022-07-26
PTL-2739,2022-11-17
PTL-2745,2022-12-06
PTL-2747,2022-09-08
PTL-2752,2022-12-07
PTL-2753,2022-10-03
PTL-2759,2022-12-07
PTL-2763,2022-12-06
PTL-2764,2022-10-03
PTL-2771,2022-12-23
PTL-2773,2022-09-06
PTL-2774,2022-12-07
PTL-2777,2022-09-06
PTL-3174,2022-08-23
PTL-3181,2022-07-21
PTL-3185,2022-07-15
PTL-3186,2022-12-07
PTL-3194,2022-07-18
PTL-3198,2022-10-08
PTL-3215,2022-04-27
PTL-3241,2022-08-15
PTL-3242,2022-10-27
PTL-3251,2022-07-15
PTL-3253,2022-03-17
PTL-3257,2022-05-09
PTL-3261,2022-07-11
PTL-3270,2022-07-21
PTL-3271,2022-07-15
PTL-3278,2022-03-04
PTL-3292,2022-06-27
PTL-3296,2022-07-05
PTL-3301,2022-07-15
PTL-3304,2022-10-11
PTL-3306,2022-01-21
PTL-3312,2022-05-09
PTL-3313,2022-02-17
PTL-3320,2022-09-28
PTL-3343,2022-04-27
PTL-3349,2022-01-27
PTL-3354,2022-06-09
PTL-3356,2022-07-21
PTL-3361,2022-10-27
PTL-3363,2022-01-31
PTL-3370,2022-05-06
PTL-3373,2022-08-26
PTL-3375,2022-10-04
PTL-3385,2022-12-15
PTL-3388,2022-03-29
PTL-3405,2022-09-29
PTL-3427,2022-05-31
PTL-3446,2022-02-11
PTL-3449,2022-07-06
PTL-3452,2022-10-24
PTL-3457,2022-10-04
PTL-3475,2022-10-07
PTL-3476,2022-01-27
PTL-3483,2022-12-13
PTL-3484,2022-05-13
PTL-3486,2022-02-11
PTL-3491,2022-10-24
PTL-3495,2022-08-18
PTL-3504,2022-05-09
PTL-3508,2022-06-02
PTL-3522,2022-04-13
PTL-3524,2022-10-24
PTL-3907,2022-11-18
PTL-4034,2022-09-26
PTL-4039,2022-01-26
PTL-4042,2022-11-18
PTL-4066,2022-01-26
PTL-4082,2022-12-23
PTL-4287,2022-11-11
PTL-4357,2022-02-15
PTL-4367,2022-05-27
PTL-4403,2022-04-20
PTL-4438,2022-02-06
PTL-4465,2022-01-06
PTL-4499,2022-11-10
PTL-4555,2022-09-22
PTL-4602,2022-03-03
PTL-4632,2022-05-18
PTL-4763,2022-04-15
PTL-4764,2022-12-09
PTL-4769,2022-10-31
PTL-4773,2022-02-14
PTL-4777,2022-07-29
PTL-4779,2022-11-17
PTL-4782,2022-06-22
PTL-4784,2022-07-01
PTL-4789,2022-06-27
PTL-4790,2022-11-16
PTL-4801,2022-09-26
PTL-4802,2022-08-18
PTL-4803,2022-12-09
PTL-4808,2022-11-18
PTL-4809,2022-04-27
PTL-4813,2022-12-09
PTL-4814,2022-12-09
PTL-4815,2022-06-22
PTL-4820,2022-12-09
PTL-4828,2022-12-13
PTL-4829,2022-08-30
PTL-4838,2022-01-17
PTL-4844,2022-08-25
PTL-4846,2022-04-05
PTL-4860,2022-10-18
PTL-4864,2022-07-07
PTL-4866,2022-01-25
PTL-4868,2022-08-04
PTL-4880,2022-11-17
PTL-4883,2022-04-06
PTL-4885,2022-10-21
PTL-4889,2022-11-28
PTL-4890,2022-08-17
PTL-4892,2022-06-21
PTL-4900,2022-08-23
PTL-4902,2022-12-09
PTL-4903,2022-07-09
PTL-4906,2022-12-09
PTL-4909,2022-12-09
PTL-4910,2022-09-20
PTL-4912,2022-10-10
PTL-4924,2022-03-27
PTL-4925,2022-09-26
PTL-4927,2022-10-23
PTL-5018,2022-03-17
PTL-5019,2022-12-22
PTL-5021,2022-12-06
PTL-5022,2022-12-22
PTL-5026,2022-11-02
PTL-5032,2022-12-22
PTL-5035,2022-02-22
PTL-5037,2022-02-24
PTL-5043,2022-02-01
PTL-5049,2022-03-01
PTL-5058,2022-12-22
PTL-5065,2022-02-24
PTL-5068,2022-12-22
PTL-5069,2022-05-02
PTL-5074,2022-12-06
PTL-5076,2022-03-30
PTL-5077,2022-06-06
PTL-5080,2022-04-28
PTL-5088,2022-12-28
PTL-5090,2022-03-30
PTL-5094,2022-04-27
PTL-5097,2022-03-01
PTL-5099,2022-01-25
PTL-5100,2022-03-28
PTL-5103,2022-11-17
PTL-5104,2022-01-07
PTL-5106,2022-02-16
PTL-5123,2022-03-16
PTL-5124,2022-03-17
PTL-5125,2022-12-22
PTL-5133,2022-03-24
PTL-5134,2022-03-17
PTL-5136,2022-06-07
PTL-5141,2022-10-18
PTL-5146,2022-08-02
PTL-5149,2022-04-06
PTL-5154,2022-06-22
PTL-5161,2022-10-21
PTL-5169,2022-04-11
PTL-5171,2022-10-21
PTL-5184,2022-08-16
PTL-5317,2022-08-06
PTL-5323,2022-03-17
PTL-5336,2022-02-21
PTL-5358,2022-08-11
PTL-5381,2022-10-12
PTL-5394,2022-02-16
PTL-5402,2022-02-14
PTL-5421,2022-06-14
PTL-5432,2022-07-06
PTL-5439,2022-07-18
PTL-5445,2022-03-07
PTL-5446,2022-02-17
PTL-5452,2022-01-21
PTL-5494,2022-08-17
PTL-5499,2022-09-01
PTL-5506,2022-12-06
PTL-5507,2022-09-12
PTL-5512,2022-09-21
PTL-5513,2022-05-30
PTL-5514,2022-05-25
PTL-5515,2022-11-29
PTL-5516,2022-06-01
PTL-5522,2022-04-01
PTL-5533,2022-04-11
PTL-5534,2022-01-04
PTL-5556,2022-07-12
PTL-5559,2022-04-11
PTL-5568,2022-04-11
PTL-5603,2022-09-26
PTL-5605,2022-04-15
PTL-5606,2022-10-09
PTL-5607,2022-10-13
PTL-5626,2022-08-16
PTL-5627,2022-09-13
PTL-5628,2022-12-15
PTL-5629,2022-08-30
PTL-5639,2022-01-03
PTL-5642,2022-01-03
PTL-5646,2022-09-25
PTL-5648,2022-01-03
PTL-5650,2022-11-15
PTL-5653,2022-06-14
PTL-5654,2022-01-17
PTL-5655,2022-10-13
PTL-5658,2022-09-19
PTL-5661,2022-10-20
PTL-5669,2022-10-12
PTL-5670,2022-12-08
PTL-5675,2022-12-09
PTL-5678,2022-11-11
PTL-5685,2022-12-08
PTL-5688,2022-09-21
PTL-5690,2022-12-08
PTL-5694,2022-01-21
PTL-5695,2022-11-23
PTL-5699,2022-12-09
PTL-5702,2022-09-25
PTL-5704,2022-12-09
PTL-5706,2022-08-08
PTL-5709,2022-12-08
PTL-5710,2022-07-19
PTL-5712,2022-06-13
PTL-5713,2022-11-14
PTL-5716,2022-09-25
PTL-5717,2022-05-17
PTL-5718,2022-05-19
PTL-5723,2022-09-07
PTL-5724,2022-10-16
PTL-5732,2022-01-16
PTL-5737,2022-11-30
PTL-5738,2022-06-23
PTL-5742,2022-09-28
PTL-5743,2022-10-17
PTL-5745,2022-04-22
PTL-5749,2022-01-16
PTL-5751,2022-12-08
PTL-5753,2022-08-19
PTL-5755,2022-12-08
PTL-5757,2022-09-21
PTL-5758,2022-09-21
PTL-5761,2022-12-08
PTL-5765,2022-08-08
PTL-5766,2022-11-06
PTL-5767,2022-08-02
PTL-5768,2022-12-09
PTL-5771,2022-08-20
PTL-5775,2022-10-07
PTL-5776,2022-06-07
PTL-5779,2022-12-08
PTL-5782,2022-09-07
PTL-5783,2022-11-25
PTL-5785,2022-12-08
PTL-5788,2022-12-09
PTL-5789,2022-09-25
PTL-5790,2022-12-09
PTL-5791,2022-09-02
PTL-5794,2022-07-26
PTL-5795,2022-05-19
PTL-5797,2022-01-03
PTL-5802,2022-11-18
PTL-5805,2022-09-27
PTL-5808,2022-12-09
PTL-5809,2022-06-20
PTL-5812,2022-12-08
PTL-5814,2022-12-09
PTL-5815,2022-10-16
PTL-5817,2022-12-08
PTL-5819,2022-04-05
PTL-5820,2022-12-08
PTL-5828,2022-12-08
PTL-5829,2022-10-11
PTL-5834,2022-12-08
PTL-5836,2022-12-08
PTL-5839,2022-07-09
PTL-5841,2022-10-29
PTL-5850,2022-09-25
PTL-5851,2022-11-01
PTL-5857,2022-05-16
PTL-5865,2022-06-14
PTL-5866,2022-04-13
PTL-5870,2022-12-09
PTL-5882,2022-12-08
PTL-5883,2022-08-27
PTL-5887,2022-11-16
PTL-5890,2022-08-16
PTL-5892,2022-12-08
PTL-5893,2022-12-08
PTL-5895,2022-12-12
PTL-5898,2022-10-10
PTL-5900,2022-07-12
PTL-5902,2022-06-06
PTL-5910,2022-10-20
PTL-5911,2022-06-09
PTL-5912,2022-12-08
PTL-5915,2022-02-02
PTL-5916,2022-06-28
PTL-5917,2022-09-21
PTL-5921,2022-12-08
PTL-5924,2022-12-08
PTL-5930,2022-01-03
PTL-5938,2022-05-18
PTL-5939,2022-04-04
PTL-5941,2022-08-08
PTL-5942,2022-09-07
PTL-5946,2022-01-03
PTL-5947,2022-09-05
PTL-5949,2022-05-18
PTL-5950,2022-12-08
PTL-5962,2022-10-16
PTL-5967,2022-09-07
PTL-5973,2022-01-27
PTL-5974,2022-10-11
PTL-5981,2022-06-07
PTL-5984,2022-12-08
PTL-5986,2022-12-09
PTL-5987,2022-12-08
PTL-5988,2022-05-18
PTL-5990,2022-12-08
PTL-5994,2022-12-05
PTL-5996,2022-12-08
PTL-6005,2022-08-11
PTL-6006,2022-12-08
PTL-6009,2022-12-08
PTL-6015,2022-05-18
PTL-6019,2022-12-08
PTL-6020,2022-12-08
PTL-6855,2022-11-04
PTL-6857,2022-05-18
PTL-6861,2022-07-08
PTL-6863,2022-06-17
PTL-6869,2022-05-18
PTL-6877,2022-11-04
PTL-6881,2022-11-02
PTL-6882,2022-05-17
PTL-6885,2022-06-17
PTL-6889,2022-05-18
PTL-6890,2022-05-18
PTL-6891,2022-05-17
PTL-6899,2022-05-18
PTL-6904,2022-05-16
PTL-6913,2022-05-24
PTL-6915,2022-05-17
PTL-6922,2022-02-04
PTL-6923,2022-06-09
PTL-6928,2022-10-25
PTL-6930,2022-01-31
PTL-6931,2022-10-11
PTL-6932,2022-02-04
PTL-6938,2022-10-03
PTL-6944,2022-05-25
PTL-6948,2022-05-20
PTL-6949,2022-03-30
PTL-6952,2022-07-07
PTL-6957,2022-11-09
PTL-6992,2022-05-17
PTL-7014,2022-10-26
PTL-7111,2022-12-23
PTL-7114,2022-08-01
PTL-7117,2022-12-24
PTL-7128,2022-04-14
PTL-7129,2022-05-23
PTL-7159,2022-12-05
PTL-7163,2022-05-05
PTL-7190,2022-02-17
PTL-7195,2022-07-29
PTL-7199,2022-01-03
PTL-7216,2022-03-04
PTL-7224,2022-03-04
PTL-7226,2022-09-14
PTL-7345,2022-11-01
PTL-7346,2022-12-05
PTL-7347,2022-11-01
PTL-7352,2022-09-07
PTL-7355,2022-10-04
PTL-7365,2022-11-02
PTL-7372,2022-11-01
PTL-7376,2022-03-15
PTL-7377,2022-11-02
PTL-7387,2022-12-03
PTL-7393,2022-11-29
PTL-7394,2022-11-01
PTL-7400,2022-11-30
PTL-7401,2022-11-01
PTL-7406,2022-11-04
PTL-7408,2022-11-15
PTL-7415,2022-11-24
PTL-7417,2022-11-16
PTL-7430,2022-11-16
PTL-7432,2022-11-30
PTL-7433,2022-11-02
PTL-7434,2022-11-01
PTL-7438,2022-11-16
PTL-7440,2022-10-04
PTL-7445,2022-11-01
PTL-7447,2022-11-16
PTL-7455,2022-10-25
PTL-7460,2022-09-28
PTL-7461,2022-11-13
PTL-7467,2022-10-06
PTL-7477,2022-11-16
PTL-7481,2022-12-02
PTL-7490,2022-10-24
PTL-7491,2022-11-16
PTL-7493,2022-11-24
PTL-7501,2022-11-15
PTL-7503,2022-11-21
PTL-7508,2022-11-15
PTL-7515,2022-12-06
PTL-7519,2022-12-05
PTL-7529,2022-11-29
PTL-7531,2022-11-16
PTL-7532,2022-11-12
PTL-7536,2022-11-15
PTL-7537,2022-11-01
PTL-7540,2022-11-02
PTL-7549,2022-11-22
PTL-7550,2022-10-04
PTL-7551,2022-09-26
PTL-7553,2022-09-20
PTL-7676,2022-01-18
PTL-7679,2022-01-18
PTL-7680,2022-04-05
PTL-7709,2022-03-02
PTL-7713,2022-01-18
PTL-7714,2022-03-03
PTL-7787,2022-07-21
PTL-7793,2022-08-30
PTL-7795,2022-11-23
PTL-7808,2022-07-28
PTL-7815,2022-03-08
PTL-7816,2022-12-01
PTL-7818,2022-03-29
PTL-7855,2022-01-13
PTL-7856,2022-03-30
PTL-7858,2022-02-24
PTL-7859,2022-06-16
PTL-7860,2022-02-24
PTL-7862,2022-06-16
PTL-7864,2022-08-31
PTL-7865,2022-07-13
PTL-7867,2022-03-29
PTL-7868,2022-03-29
PTL-7869,2022-03-30
PTL-7870,2022-03-30
PTL-7872,2022-12-23
PTL-7873,2022-01-18
PTL-7876,2022-03-30
PTL-7877,2022-05-10
PTL-7878,2022-06-16
PTL-7879,2022-02-24
PTL-7880,2022-01-24
PTL-7881,2022-02-14
PTL-7882,2022-03-29
PTL-7883,2022-03-30
PTL-7884,2022-03-29
PTL-7885,2022-11-02
PTL-7886,2022-03-29
PTL-7889,2022-05-13
PTL-7890,2022-07-05
PTL-7914,2022-02-01
PTL-7917,2022-12-02
PTL-7927,2022-09-22
PTL-7951,2022-01-10
PTL-7958,2022-08-02
PTL-7963,2022-03-04
PTL-7967,2022-02-14
PTL-7981,2022-11-28
PTL-8033,2022-09-23
PTL-8035,2022-06-24
PTL-8103,2022-01-10
PTL-8134,2022-04-27
PTL-8181,2022-07-11
PTL-8201,2022-02-15
PTL-8267,2022-09-13
PTL-8270,2022-09-08
PTL-8286,2022-08-22
PTL-8288,2022-09-24
PTL-8291,2022-11-11
PTL-8293,2022-11-11
PTL-8294,2022-11-11
PTL-8296,2022-10-04
PTL-8297,2022-07-22
PTL-8300,2022-09-23
PTL-8303,2022-11-11
PTL-8307,2022-12-16
PTL-8308,2022-07-17
PTL-8309,2022-07-28
PTL-8311,2022-09-01
PTL-8312,2022-11-17
PTL-8313,2022-11-11
PTL-8316,2022-10-01
PTL-8317,2022-04-23
PTL-8318,2022-09-23
PTL-8320,2022-08-17
PTL-8321,2022-07-17
PTL-8323,2022-12-15
PTL-8325,2022-09-20
PTL-8326,2022-01-24
PTL-8328,2022-07-05
PTL-8350,2022-07-18
PTL-8369,2022-11-17
PTL-8371,2022-02-23
PTL-8374,2022-02-23
PTL-8377,2022-05-11
PTL-8381,2022-02-21
PTL-8384,2022-12-02
PTL-8431,2022-01-05
PTL-8450,2022-10-13
PTL-8483,2022-11-23
PTL-8484,2022-12-14
PTL-8492,2022-02-14
PTL-8498,2022-02-03
PTL-8506,2022-01-20
PTL-8508,2022-07-07
PTL-8532,2022-02-10
PTL-8534,2022-06-13
PTL-8538,2022-04-27
PTL-8556,2022-06-21
PTL-8582,2022-01-05
PTL-8607,2022-11-23
PTL-8633,2022-07-25
PTL-8649,2022-08-02
PTL-8654,2022-01-31
PTL-8657,2022-06-28
PTL-8659,2022-06-02
PTL-8662,2022-08-04
PTL-8663,2022-11-03
PTL-8703,2022-12-02
PTL-8704,2022-08-22
PTL-8705,2022-06-28
PTL-8733,2022-07-27
PTL-8735,2022-02-15
PTL-8741,2022-10-13
PTL-8750,2022-02-14
PTL-8756,2022-11-24
PTL-8766,2022-12-05
PTL-8785,2022-07-29
PTL-8791,2022-11-08
PTL-8808,2022-06-28
PTL-8823,2022-06-13
PTL-8844,2022-03-22
PTL-8853,2022-10-12
PTL-8855,2022-01-03
PTL-8868,2022-12-14
PTL-8874,2022-06-27
PTL-8879,2022-09-06
PTL-8885,2022-11-24
PTL-9135,2022-01-19
PTL-9138,2022-11-15
PTL-9139,2022-12-12
PTL-9140,2022-05-17
PTL-9142,2022-11-07
PTL-9187,2022-02-25
PTL-9201,2022-02-14
PTL-9203,2022-02-25
PTL-9204,2022-04-01
PTL-9207,2022-07-28
PTL-9210,2022-02-23
PTL-9211,2022-03-24
PTL-9214,2022-10-14
PTL-9242,2022-01-26
PTL-9246,2022-01-28
PTL-9249,2022-01-26
PTL-9258,2022-06-24
PTL-9259,2022-04-06
PTL-9260,2022-03-04
PTL-9261,2022-01-06
PTL-9262,2022-02-26
PTL-9267,2022-07-12
PTL-9268,2022-07-12
PTL-9269,2022-09-12
PTL-9270,2022-07-11
PTL-9271,2022-04-21
PTL-9272,2022-04-26
PTL-9273,2022-03-03
PTL-9274,2022-01-05
PTL-9275,2022-01-05
PTL-9276,2022-01-04
PTL-9277,2022-05-26
PTL-9278,2022-10-24
PTL-9279,2022-07-08
PTL-9280,2022-03-01
PTL-9281,2022-11-23
PTL-9282,2022-06-01
PTL-9286,2022-05-26
PTL-9287,2022-03-01
PTL-9289,2022-07-08
PTL-9290,2022-07-19
PTL-9292,2022-04-19
PTL-9293,2022-04-12
PTL-9294,2022-01-13
PTL-9295,2022-05-16
PTL-9296,2022-05-18
PTL-9317,2022-08-30
PTL-9322,2022-08-08
PTL-9323,2022-11-17
PTL-9324,2022-02-17
PTL-9331,2022-08-16
PTL-9336,2022-02-11
PTL-9346,2022-08-24
PTL-9363,2022-04-10
PTL-9367,2022-06-17
PTL-9373,2022-06-07
PTL-9388,2022-12-06
PTL-9394,2022-11-02
PTL-9399,2022-01-13
PTL-9405,2022-10-26
PTL-9407,2022-06-30
PTL-9427,2022-08-16
PTL-9431,2022-06-27
PTL-9525,2022-02-22
PTL-9527,2022-07-27
PTL-9530,2022-08-15
PTL-9532,2022-08-15
PTL-9533,2022-09-26
PTL-9535,2022-09-27
PTL-9538,2022-10-10
PTL-9541,2022-08-16
PTL-9543,2022-08-16
PTL-9545,2022-07-15
PTL-9546,2022-09-06
PTL-9548,2022-09-12
PTL-9554,2022-08-19
PTL-9555,2022-10-06
PTL-9556,2022-08-15
PTL-9557,2022-08-15
PTL-9561,2022-07-15
PTL-9562,2022-09-14
PTL-9563,2022-09-15
PTL-9564,2022-08-09
PTL-9565,2022-02-16
PTL-9566,2022-12-01
PTL-9569,2022-10-17
PTL-9570,2022-07-15
PTL-9572,2022-09-06
PTL-9574,2022-07-19
PTL-9575,2022-06-15
PTL-9576,2022-10-06
PTL-9583,2022-09-07
PTL-9584,2022-08-18
PTL-9587,2022-12-12
PTL-9589,2022-09-15
PTL-9590,2022-08-29
PTL-9591,2022-09-20
PTL-9592,2022-07-19
PTL-9627,2022-11-20
PTL-9629,2022-10-11
PTL-9665,2022-08-17
PTL-9666,2022-03-04
PTL-9671,2022-05-31
PTL-9683,2022-03-04
PTL-9687,2022-04-27
PTL-9697,2022-07-15
PTL-9700,2022-07-04
PTL-9701,2022-05-17
PTL-9702,2022-08-12
PTL-183,2023-05-09
PTL-372,2023-06-01
PTL-636,2023-07-31
PTL-780,2023-08-22
PTL-783,2023-08-30
PTL-787,2023-09-07
PTL-882,2023-09-11
PTL-883,2023-09-12
PTL-885,2023-09-12
PTL-886,2023-09-13
PTL-887,2023-09-13
PTL-889,2023-06-27
PTL-894,2023-06-27
PTL-900,2023-09-13
PTL-901,2023-09-13
PTL-902,2023-09-13
PTL-903,2023-09-13
PTL-904,2023-09-13
PTL-922,2023-09-08
PTL-926,2023-03-10
PTL-927,2023-03-10
PTL-934,2023-03-10
PTL-936,2023-03-10
PTL-941,2023-03-10
PTL-944,2023-03-20
PTL-946,2023-07-26
PTL-950,2023-08-04
PTL-988,2023-03-07
PTL-991,2023-04-14
PTL-996,2023-01-04
PTL-997,2023-07-04
PTL-999,2023-06-12
PTL-1002,2023-06-07
PTL-1006,2023-03-01
PTL-1007,2023-01-13
PTL-1011,2023-06-29
PTL-1056,2023-01-25
PTL-1070,2023-02-01
PTL-1094,2023-02-27
PTL-1099,2023-08-11
PTL-1123,2023-02-01
PTL-1149,2023-08-07
PTL-1157,2023-07-25
PTL-1184,2023-02-01
PTL-1266,2023-01-31
PTL-1269,2023-02-10
PTL-1285,2023-02-10
PTL-1289,2023-01-31
PTL-1291,2023-02-10
PTL-1292,2023-02-10
PTL-1298,2023-02-10
PTL-1301,2023-02-09
PTL-1320,2023-09-14
PTL-1328,2023-05-16
PTL-1330,2023-06-23
PTL-1336,2023-01-10
PTL-1341,2023-03-24
PTL-1343,2023-08-30
PTL-1345,2023-09-04
PTL-1346,2023-05-30
PTL-1351,2023-07-20
PTL-1352,2023-01-16
PTL-1357,2023-03-17
PTL-1360,2023-07-20
PTL-1369,2023-05-01
PTL-1375,2023-03-16
PTL-1479,2023-04-10
PTL-1527,2023-01-10
PTL-1528,2023-04-10
PTL-1529,2023-01-06
PTL-1530,2023-09-11
PTL-1531,2023-06-23
PTL-1532,2023-01-13
PTL-1533,2023-06-26
PTL-1534,2023-02-06
PTL-1535,2023-02-14
PTL-1536,2023-02-13
PTL-1537,2023-04-03
PTL-1538,2023-06-26
PTL-1539,2023-06-08
PTL-1540,2023-04-19
PTL-1541,2023-01-18
PTL-1543,2023-01-06
PTL-1546,2023-05-11
PTL-1547,2023-07-22
PTL-1548,2023-07-28
PTL-1549,2023-01-09
PTL-1550,2023-01-19
PTL-1552,2023-04-07
PTL-1553,2023-05-29
PTL-1555,2023-05-10
PTL-1556,2023-05-11
PTL-1557,2023-01-06
PTL-1558,2023-07-06
PTL-1559,2023-04-06
PTL-1560,2023-03-14
PTL-1562,2023-02-21
PTL-1563,2023-06-28
PTL-1564,2023-02-07
PTL-1565,2023-01-09
PTL-1566,2023-07-23
PTL-1567,2023-02-23
PTL-1568,2023-05-12
PTL-1570,2023-01-09
PTL-1571,2023-01-09
PTL-1572,2023-01-09
PTL-1573,2023-01-06
PTL-1574,2023-07-25
PTL-1576,2023-01-06
PTL-1577,2023-07-23
PTL-1578,2023-01-09
PTL-1579,2023-08-04
PTL-1580,2023-01-05
PTL-1581,2023-03-03
PTL-1582,2023-01-09
PTL-1583,2023-07-23
PTL-1584,2023-03-20
PTL-1586,2023-09-11
PTL-1587,2023-03-09
PTL-1588,2023-02-06
PTL-1590,2023-05-11
PTL-1633,2023-07-18
PTL-1642,2023-07-31
PTL-1682,2023-02-03
PTL-1685,2023-06-16
PTL-1690,2023-02-23
PTL-1691,2023-02-20
PTL-1694,2023-05-24
PTL-1705,2023-02-22
PTL-1713,2023-01-04
PTL-1725,2023-01-04
PTL-1736,2023-03-08
PTL-1737,2023-09-06
PTL-1747,2023-02-23
PTL-1752,2023-09-08
PTL-1753,2023-08-01
PTL-1761,2023-05-24
PTL-1765,2023-02-07
PTL-1801,2023-04-04
PTL-1811,2023-04-07
PTL-1814,2023-07-19
PTL-1820,2023-03-20
PTL-1827,2023-06-02
PTL-1829,2023-07-18
PTL-1838,2023-04-11
PTL-1843,2023-06-14
PTL-1846,2023-01-10
PTL-1847,2023-06-20
PTL-1951,2023-05-19
PTL-1959,2023-08-31
PTL-1960,2023-03-30
PTL-1961,2023-07-24
PTL-1966,2023-01-23
PTL-1968,2023-03-30
PTL-1971,2023-02-08
PTL-1974,2023-05-19
PTL-1977,2023-06-14
PTL-1982,2023-08-25
PTL-1983,2023-06-16
PTL-1995,2023-07-24
PTL-2001,2023-07-03
PTL-2004,2023-02-13
PTL-2008,2023-01-25
PTL-2024,2023-05-19
PTL-2082,2023-04-01
PTL-2083,2023-04-11
PTL-2087,2023-07-26
PTL-2089,2023-04-09
PTL-2090,2023-04-02
PTL-2093,2023-02-15
PTL-2098,2023-02-21
PTL-2099,2023-02-15
PTL-2102,2023-02-15
PTL-2103,2023-05-08
PTL-2104,2023-04-10
PTL-2105,2023-02-15
PTL-2108,2023-02-17
PTL-2111,2023-04-02
PTL-2112,2023-02-20
PTL-2116,2023-04-02
PTL-2117,2023-04-11
PTL-2118,2023-04-06
PTL-2120,2023-02-15
PTL-2122,2023-02-15
PTL-2123,2023-03-23
PTL-2129,2023-04-09
PTL-2130,2023-02-15
PTL-2132,2023-02-15
PTL-2134,2023-02-20
PTL-2138,2023-01-10
PTL-2139,2023-02-15
PTL-2140,2023-02-15
PTL-2145,2023-02-15
PTL-2146,2023-01-10
PTL-2148,2023-07-26
PTL-2149,2023-02-15
PTL-2152,2023-04-06
PTL-2154,2023-02-17
PTL-2157,2023-03-02
PTL-2159,2023-06-29
PTL-2162,2023-01-10
PTL-2164,2023-02-22
PTL-2165,2023-02-15
PTL-2166,2023-02-21
PTL-2168,2023-01-18
PTL-2169,2023-02-20
PTL-2170,2023-02-15
PTL-2249,2023-05-22
PTL-2253,2023-02-23
PTL-2263,2023-05-23
PTL-2268,2023-03-08
PTL-2280,2023-06-19
PTL-2282,2023-04-12
PTL-2302,2023-08-18
PTL-2305,2023-02-14
PTL-2307,2023-08-02
PTL-2332,2023-05-11
PTL-2336,2023-04-06
PTL-2349,2023-05-23
PTL-2384,2023-02-03
PTL-2389,2023-03-22
PTL-2404,2023-05-18
PTL-2408,2023-02-24
PTL-2416,2023-05-29
PTL-2430,2023-03-08
PTL-2444,2023-04-04
PTL-2449,2023-07-13
PTL-2451,2023-07-20
PTL-2458,2023-03-01
PTL-2479,2023-01-11
PTL-2487,2023-08-16
PTL-2494,2023-01-25
PTL-2500,2023-08-02
PTL-2501,2023-01-10
PTL-2503,2023-03-02
PTL-2504,2023-03-17
PTL-2509,2023-08-01
PTL-2524,2023-03-01
PTL-2538,2023-05-26
PTL-2554,2023-01-13
PTL-2561,2023-08-30
PTL-2564,2023-05-19
PTL-2569,2023-06-23
PTL-2574,2023-03-13
PTL-2576,2023-03-08
PTL-2580,2023-05-04
PTL-2591,2023-05-24
PTL-2601,2023-05-22
PTL-2602,2023-04-14
PTL-2607,2023-02-11
PTL-2615,2023-02-23
PTL-2620,2023-05-01
PTL-2623,2023-08-10
PTL-2637,2023-06-20
PTL-2646,2023-02-13
PTL-2657,2023-03-21
PTL-2671,2023-02-23
PTL-2678,2023-03-13
PTL-2693,2023-08-02
PTL-2710,2023-05-26
PTL-2719,2023-06-12
PTL-2738,2023-02-21
PTL-2744,2023-02-13
PTL-2746,2023-09-05
PTL-2751,2023-06-13
PTL-2770,2023-08-09
PTL-2775,2023-06-20
PTL-2779,2023-05-08
PTL-3175,2023-05-18
PTL-3178,2023-01-04
PTL-3201,2023-07-10
PTL-3210,2023-04-26
PTL-3211,2023-08-04
PTL-3216,2023-02-28
PTL-3229,2023-06-08
PTL-3230,2023-08-17
PTL-3240,2023-07-31
PTL-3250,2023-05-12
PTL-3256,2023-09-15
PTL-3260,2023-05-12
PTL-3269,2023-05-01
PTL-3277,2023-07-12
PTL-3287,2023-05-16
PTL-3290,2023-06-05
PTL-3302,2023-08-21
PTL-3315,2023-04-05
PTL-3321,2023-07-10
PTL-3322,2023-04-27
PTL-3326,2023-08-09
PTL-3353,2023-02-01
PTL-3358,2023-08-17
PTL-3360,2023-08-17
PTL-3367,2023-05-12
PTL-3377,2023-05-17
PTL-3387,2023-05-12
PTL-3391,2023-07-14
PTL-3392,2023-05-12
PTL-3409,2023-05-01
PTL-3415,2023-08-28
PTL-3416,2023-05-05
PTL-3417,2023-05-24
PTL-3424,2023-05-12
PTL-3432,2023-07-31
PTL-3440,2023-06-22
PTL-3442,2023-04-28
PTL-3460,2023-07-31
PTL-3467,2023-07-20
PTL-3474,2023-02-01
PTL-3479,2023-01-17
PTL-3487,2023-05-26
PTL-3492,2023-05-19
PTL-3503,2023-08-17
PTL-3514,2023-05-16
PTL-3515,2023-05-17
PTL-3804,2023-06-12
PTL-3824,2023-03-21
PTL-3876,2023-01-25
PTL-4020,2023-01-11
PTL-4084,2023-06-29
PTL-4091,2023-02-03
PTL-4110,2023-07-20
PTL-4279,2023-08-04
PTL-4334,2023-07-04
PTL-4363,2023-02-10
PTL-4399,2023-01-23
PTL-4405,2023-08-31
PTL-4418,2023-02-10
PTL-4425,2023-06-28
PTL-4466,2023-02-10
PTL-4511,2023-02-10
PTL-4529,2023-07-04
PTL-4541,2023-02-10
PTL-4543,2023-02-10
PTL-4562,2023-02-10
PTL-4579,2023-02-10
PTL-4765,2023-02-23
PTL-4767,2023-02-23
PTL-4778,2023-03-17
PTL-4783,2023-05-10
PTL-4796,2023-05-30
PTL-4800,2023-02-13
PTL-4804,2023-08-23
PTL-4811,2023-01-10
PTL-4816,2023-09-05
PTL-4817,2023-02-13
PTL-4825,2023-03-16
PTL-4832,2023-04-04
PTL-4845,2023-01-10
PTL-4850,2023-07-03
PTL-4863,2023-06-07
PTL-4873,2023-02-23
PTL-4881,2023-08-23
PTL-4882,2023-03-21
PTL-4888,2023-05-12
PTL-4891,2023-04-25
PTL-4914,2023-05-01
PTL-4918,2023-05-04
PTL-4926,2023-07-10
PTL-5025,2023-07-19
PTL-5027,2023-06-05
PTL-5031,2023-01-20
PTL-5038,2023-07-28
PTL-5040,2023-05-24
PTL-5045,2023-02-02
PTL-5048,2023-05-22
PTL-5051,2023-05-05
PTL-5052,2023-02-01
PTL-5054,2023-02-02
PTL-5055,2023-08-16
PTL-5056,2023-03-24
PTL-5057,2023-05-04
PTL-5078,2023-06-29
PTL-5079,2023-02-01
PTL-5085,2023-07-31
PTL-5093,2023-08-08
PTL-5095,2023-02-01
PTL-5096,2023-04-04
PTL-5105,2023-03-09
PTL-5109,2023-05-05
PTL-5116,2023-07-24
PTL-5120,2023-05-30
PTL-5121,2023-07-25
PTL-5127,2023-02-03
PTL-5130,2023-06-14
PTL-5137,2023-06-14
PTL-5138,2023-01-10
PTL-5140,2023-08-21
PTL-5143,2023-07-14
PTL-5144,2023-03-24
PTL-5151,2023-02-22
PTL-5156,2023-07-25
PTL-5158,2023-04-03
PTL-5159,2023-02-03
PTL-5162,2023-05-11
PTL-5168,2023-02-28
PTL-5175,2023-07-18
PTL-5177,2023-04-26
PTL-5178,2023-05-29
PTL-5179,2023-03-17
PTL-5181,2023-05-02
PTL-5185,2023-02-16
PTL-5308,2023-09-15
PTL-5319,2023-07-21
PTL-5324,2023-03-27
PTL-5334,2023-06-12
PTL-5335,2023-02-13
PTL-5337,2023-06-01
PTL-5344,2023-08-16
PTL-5348,2023-06-15
PTL-5351,2023-06-01
PTL-5355,2023-06-15
PTL-5356,2023-06-14
PTL-5357,2023-06-01
PTL-5362,2023-06-15
PTL-5386,2023-03-23
PTL-5450,2023-03-21
PTL-5495,2023-04-17
PTL-5496,2023-02-09
PTL-5497,2023-07-19
PTL-5498,2023-04-29
PTL-5500,2023-02-24
PTL-5501,2023-02-24
PTL-5502,2023-02-23
PTL-5503,2023-05-24
PTL-5504,2023-05-03
PTL-5505,2023-01-16
PTL-5508,2023-02-24
PTL-5509,2023-02-08
PTL-5510,2023-02-13
PTL-5511,2023-01-27
PTL-5518,2023-07-18
PTL-5519,2023-03-28
PTL-5520,2023-02-24
PTL-5521,2023-04-29
PTL-5523,2023-03-28
PTL-5525,2023-07-07
PTL-5535,2023-08-02
PTL-5538,2023-02-01
PTL-5539,2023-01-16
PTL-5540,2023-01-16
PTL-5545,2023-08-28
PTL-5560,2023-08-02
PTL-5563,2023-03-13
PTL-5564,2023-01-12
PTL-5602,2023-05-25
PTL-5604,2023-03-23
PTL-5623,2023-09-18
PTL-5624,2023-03-15
PTL-5625,2023-02-03
PTL-5630,2023-02-23
PTL-5645,2023-08-14
PTL-5657,2023-05-24
PTL-5662,2023-01-12
PTL-5666,2023-03-17
PTL-5672,2023-01-04
PTL-5681,2023-03-23
PTL-5691,2023-05-19
PTL-5703,2023-03-16
PTL-5720,2023-01-04
PTL-5725,2023-03-29
PTL-5731,2023-01-04
PTL-5734,2023-07-09
PTL-5741,2023-01-04
PTL-5746,2023-06-20
PTL-5764,2023-06-02
PTL-5772,2023-03-17
PTL-5781,2023-03-04
PTL-5787,2023-03-31
PTL-5799,2023-07-27
PTL-5803,2023-01-11
PTL-5806,2023-03-01
PTL-5822,2023-01-04
PTL-5830,2023-08-14
PTL-5833,2023-03-15
PTL-5835,2023-01-04
PTL-5848,2023-02-07
PTL-5875,2023-03-15
PTL-5879,2023-04-24
PTL-5886,2023-06-07
PTL-5903,2023-07-05
PTL-5906,2023-07-14
PTL-5907,2023-03-31
PTL-5918,2023-07-05
PTL-5922,2023-03-02
PTL-5926,2023-08-07
PTL-5935,2023-06-21
PTL-5937,2023-02-09
PTL-5952,2023-05-25
PTL-5969,2023-02-09
PTL-5971,2023-01-04
PTL-5985,2023-01-17
PTL-5993,2023-01-04
PTL-5999,2023-01-31
PTL-6021,2023-01-04
PTL-6625,2023-09-18
PTL-6633,2023-05-09
PTL-6684,2023-08-22
PTL-6852,2023-02-17
PTL-6856,2023-05-04
PTL-6860,2023-05-03
PTL-6865,2023-05-03
PTL-6873,2023-06-01
PTL-6884,2023-03-19
PTL-6886,2023-01-13
PTL-6887,2023-01-12
PTL-6906,2023-03-16
PTL-6907,2023-08-28
PTL-6908,2023-01-11
PTL-6911,2023-01-11
PTL-6914,2023-05-19
PTL-6921,2023-05-03
PTL-6925,2023-01-12
PTL-6929,2023-03-17
PTL-6934,2023-01-12
PTL-6935,2023-01-10
PTL-6936,2023-08-22
PTL-6946,2023-03-27
PTL-6947,2023-01-13
PTL-7099,2023-05-26
PTL-7104,2023-03-08
PTL-7108,2023-03-16
PTL-7110,2023-08-24
PTL-7112,2023-08-20
PTL-7116,2023-08-20
PTL-7119,2023-03-21
PTL-7121,2023-03-08
PTL-7132,2023-08-20
PTL-7135,2023-03-16
PTL-7141,2023-06-06
PTL-7143,2023-02-24
PTL-7146,2023-03-17
PTL-7158,2023-05-26
PTL-7168,2023-08-20
PTL-7177,2023-08-07
PTL-7186,2023-05-24
PTL-7187,2023-05-26
PTL-7193,2023-06-28
PTL-7212,2023-04-13
PTL-7213,2023-05-18
PTL-7221,2023-03-08
PTL-7343,2023-01-04
PTL-7349,2023-05-24
PTL-7351,2023-06-28
PTL-7356,2023-04-03
PTL-7380,2023-08-11
PTL-7390,2023-02-02
PTL-7398,2023-06-28
PTL-7403,2023-06-06
PTL-7411,2023-03-01
PTL-7418,2023-01-25
PTL-7424,2023-03-31
PTL-7435,2023-06-09
PTL-7437,2023-06-06
PTL-7444,2023-05-15
PTL-7446,2023-05-24
PTL-7459,2023-03-16
PTL-7476,2023-03-06
PTL-7478,2023-03-08
PTL-7479,2023-06-07
PTL-7486,2023-03-17
PTL-7489,2023-06-20
PTL-7498,2023-04-18
PTL-7507,2023-05-24
PTL-7510,2023-07-18
PTL-7518,2023-01-06
PTL-7526,2023-06-19
PTL-7554,2023-03-17
PTL-7683,2023-09-08
PTL-7693,2023-07-14
PTL-7701,2023-08-14
PTL-7717,2023-07-12
PTL-7724,2023-06-14
PTL-7871,2023-03-14
PTL-7874,2023-03-14
PTL-7875,2023-01-19
PTL-7887,2023-03-02
PTL-7888,2023-03-03
PTL-7931,2023-03-17
PTL-7932,2023-02-09
PTL-7934,2023-03-25
PTL-7936,2023-03-26
PTL-7943,2023-03-25
PTL-7964,2023-05-05
PTL-7977,2023-03-24
PTL-7988,2023-03-06
PTL-8010,2023-03-12
PTL-8020,2023-08-17
PTL-8027,2023-02-16
PTL-8122,2023-05-02
PTL-8124,2023-06-12
PTL-8143,2023-08-17
PTL-8149,2023-06-12
PTL-8153,2023-09-11
PTL-8164,2023-05-02
PTL-8180,2023-06-06
PTL-8187,2023-06-16
PTL-8199,2023-03-07
PTL-8266,2023-02-02
PTL-8285,2023-02-15
PTL-8289,2023-02-13
PTL-8290,2023-02-21
PTL-8298,2023-01-20
PTL-8314,2023-07-05
PTL-8315,2023-05-17
PTL-8346,2023-09-19
PTL-8348,2023-03-30
PTL-8349,2023-03-28
PTL-8351,2023-08-03
PTL-8352,2023-03-28
PTL-8353,2023-03-28
PTL-8354,2023-04-14
PTL-8355,2023-07-28
PTL-8356,2023-03-29
PTL-8385,2023-08-02
PTL-8419,2023-06-19
PTL-8429,2023-07-27
PTL-8430,2023-07-27
PTL-8447,2023-04-10
PTL-8452,2023-07-27
PTL-8455,2023-02-13
PTL-8462,2023-05-05
PTL-8473,2023-08-14
PTL-8486,2023-07-27
PTL-8490,2023-04-11
PTL-8499,2023-07-12
PTL-8516,2023-08-24
PTL-8523,2023-07-07
PTL-8533,2023-04-13
PTL-8535,2023-05-11
PTL-8542,2023-09-05
PTL-8547,2023-04-17
PTL-8548,2023-07-03
PTL-8549,2023-07-07
PTL-8553,2023-04-10
PTL-8560,2023-07-27
PTL-8577,2023-08-24
PTL-8590,2023-07-18
PTL-8591,2023-01-31
PTL-8594,2023-08-21
PTL-8610,2023-05-02
PTL-8611,2023-01-04
PTL-8613,2023-07-28
PTL-8615,2023-06-29
PTL-8624,2023-05-24
PTL-8638,2023-07-28
PTL-8647,2023-01-04
PTL-8666,2023-07-27
PTL-8667,2023-07-12
PTL-8694,2023-07-28
PTL-8708,2023-06-07
PTL-8710,2023-06-07
PTL-8723,2023-07-07
PTL-8727,2023-03-30
PTL-8728,2023-09-05
PTL-8739,2023-07-19
PTL-8740,2023-08-31
PTL-8748,2023-04-12
PTL-8751,2023-07-20
PTL-8754,2023-01-04
PTL-8755,2023-04-01
PTL-8761,2023-07-19
PTL-8779,2023-07-30
PTL-8817,2023-04-21
PTL-8822,2023-08-28
PTL-8825,2023-07-13
PTL-8838,2023-07-12
PTL-8840,2023-07-12
PTL-8841,2023-08-23
PTL-8843,2023-07-31
PTL-8872,2023-05-24
PTL-8894,2023-07-19
PTL-8896,2023-07-12
PTL-8920,2023-08-03
PTL-8949,2023-08-03
PTL-8951,2023-07-25
PTL-8964,2023-08-03
PTL-8980,2023-08-31
PTL-9047,2023-07-17
PTL-9098,2023-08-03
PTL-9107,2023-08-10
PTL-9134,2023-07-19
PTL-9136,2023-03-03
PTL-9137,2023-05-19
PTL-9141,2023-03-28
PTL-9143,2023-03-28
PTL-9144,2023-05-02
PTL-9145,2023-01-31
PTL-9146,2023-01-10
PTL-9147,2023-07-07
PTL-9148,2023-03-28
PTL-9149,2023-07-12
PTL-9150,2023-04-02
PTL-9191,2023-04-07
PTL-9197,2023-03-03
PTL-9202,2023-02-01
PTL-9205,2023-07-07
PTL-9206,2023-03-08
PTL-9209,2023-02-09
PTL-9213,2023-06-08
PTL-9241,2023-08-15
PTL-9257,2023-05-16
PTL-9266,2023-05-16
PTL-9283,2023-05-16
PTL-9288,2023-04-20
PTL-9326,2023-03-08
PTL-9328,2023-01-31
PTL-9348,2023-03-16
PTL-9355,2023-03-06
PTL-9359,2023-01-31
PTL-9362,2023-03-09
PTL-9366,2023-02-08
PTL-9375,2023-04-17
PTL-9379,2023-03-07
PTL-9402,2023-02-10
PTL-9415,2023-06-19
PTL-9430,2023-03-30
PTL-9526,2023-06-21
PTL-9528,2023-06-14
PTL-9529,2023-01-05
PTL-9531,2023-06-21
PTL-9534,2023-05-25
PTL-9536,2023-06-22
PTL-9537,2023-07-25
PTL-9539,2023-07-04
PTL-9540,2023-06-21
PTL-9542,2023-06-21
PTL-9544,2023-05-25
PTL-9547,2023-05-25
PTL-9549,2023-05-16
PTL-9550,2023-09-08
PTL-9551,2023-03-20
PTL-9552,2023-03-08
PTL-9553,2023-06-21
PTL-9558,2023-05-25
PTL-9559,2023-05-16
PTL-9560,2023-06-22
PTL-9567,2023-06-22
PTL-9568,2023-08-23
PTL-9571,2023-07-04
PTL-9573,2023-06-21
PTL-9577,2023-07-04
PTL-9578,2023-03-06
PTL-9579,2023-05-25
PTL-9580,2023-08-10
PTL-9581,2023-06-21
PTL-9582,2023-05-25
PTL-9585,2023-06-21
PTL-9586,2023-06-23
PTL-9588,2023-01-30
PTL-9593,2023-05-18
PTL-9594,2023-05-16
PTL-9595,2023-07-31
PTL-9596,2023-06-21
PTL-9597,2023-06-09
PTL-9626,2023-08-31
PTL-9628,2023-08-31
PTL-9632,2023-05-30
PTL-9633,2023-03-24
PTL-9634,2023-06-16
PTL-9635,2023-03-23
PTL-9640,2023-09-20
PTL-9641,2023-09-20
PTL-9642,2023-09-21
PTL-9643,2023-09-21
PTL-9644,2023-09-21
PTL-9645,2023-09-21
PTL-9646,2023-09-21
PTL-9649,2023-09-21
PTL-9650,2023-09-21
PTL-9651,2023-09-22
PTL-9652,2023-09-22
PTL-9653,2023-09-22
PTL-9654,2023-09-22
PTL-9661,2023-09-22
PTL-9662,2023-09-22
PTL-9663,2023-09-22
PTL-9664,2023-09-22
PTL-9667,2023-03-22
PTL-9670,2023-04-10
PTL-9677,2023-01-18
PTL-9693,2023-04-07
PTL-9709,2023-09-19
PTL-9711,2023-09-21
PTL-9713,2023-09-18
PTL-9716,2023-09-25
PTL-9717,2023-09-25
PTL-9718,2023-09-25
PTL-9719,2023-09-26
PTL-9720,2023-09-26
PTL-9721,2023-09-26
PTL-9722,2023-09-27
PTL-9723,2023-09-27
PTL-9725,2023-09-28
PTL-9726,2023-09-29
PTL-9728,2023-10-02
PTL-9729,2023-10-02
PTL-9730,2023-10-02
PTL-9732,2023-10-02
PTL-9733,2023-10-03
PTL-9734,2023-10-03
PTL-9735,2023-10-03
PTL-9740,2023-10-04
PTL-9741,2023-10-04
PTL-9744,2023-10-04
PTL-9745,2023-10-04
PTL-9746,2023-10-04
PTL-9747,2023-10-04
PTL-9748,2023-10-05
PTL-9750,2023-10-06
PTL-9751,2023-10-06
PTL-9752,2023-10-06
PTL-9753,2023-10-06
PTL-9754,2023-10-09
PTL-9755,2023-10-09
PTL-9756,2023-10-09
PTL-9757,2023-10-09
PTL-9758,2023-10-09
PTL-9760,2023-10-09
PTL-9762,2023-10-10
PTL-9763,2023-10-10
PTL-9772,2023-10-11
PTL-9774,2023-10-11
PTL-9775,2023-10-12
PTL-9786,2023-10-12
PTL-9793,2023-10-13
PTL-9794,2023-10-13
PTL-9795,2023-10-13
PTL-9796,2023-10-13
PTL-9797,2023-10-13
PTL-9798,2023-10-13
PTL-9799,2023-10-15
PTL-9800,2023-10-16
PTL-9802,2023-10-16
PTL-9803,2023-10-16
PTL-9804,2023-10-16
PTL-9805,2023-10-16
PTL-9806,2023-10-16
PTL-9807,2023-10-18
PTL-9808,2023-10-18
PTL-9810,2023-10-18
PTL-9814,2023-10-18
PTL-9815,2023-10-18
PTL-9816,2023-10-18
PTL-9818,2023-10-18
PTL-9820,2023-10-18
PTL-9824,2023-10-19
PTL-9825,2023-10-19
PTL-9826,2023-10-19
PTL-9827,2023-10-19
PTL-9829,2023-10-20
PTL-9830,2023-10-20
PTL-9831,2023-10-20
PTL-9832,2023-10-20
PTL-9833,2023-10-23
PTL-9836,2023-10-23
PTL-9837,2023-10-23
PTL-9838,2023-10-23
PTL-9839,2023-10-23
PTL-9840,2023-10-23
PTL-9841,2023-10-23
PTL-9842,2023-10-24
PTL-9881,2023-10-24
PTL-9897,2023-10-24
PTL-9898,2023-10-24
PTL-9902,2023-10-25
PTL-9911,2023-10-25
PTL-9922,2023-10-26
PTL-9927,2023-10-26
PTL-9934,2023-10-27
PTL-9935,2023-10-27
PTL-9936,2023-10-27
PTL-9939,2023-10-27
PTL-9940,2023-10-27
PTL-9941,2023-10-27
PTL-9942,2023-10-27
PTL-9950,2023-10-29
PTL-9951,2023-10-30
PTL-9952,2023-10-30
PTL-9953,2023-10-30
PTL-9954,2023-10-30
PTL-9955,2023-09-27
PTL-9956,2023-10-30
PTL-9957,2023-10-30
PTL-9958,2023-10-31
PTL-9962,2023-09-29
PTL-9986,2023-11-01
PTL-9987,2023-11-01
PTL-9988,2023-11-01
PTL-9990,2023-11-01
PTL-9991,2023-11-01
PTL-10000,2023-11-01
PTL-10001,2023-11-02
PTL-10002,2023-11-01
PTL-10003,2023-11-02
PTL-10132,2023-10-05
PTL-10133,2023-10-26
PTL-10134,2023-10-04
PTL-10135,2023-10-06
PTL-10137,2023-11-01
PTL-10138,2023-11-01
PTL-10139,2023-10-21
PTL-10140,2023-10-21
PTL-10141,2023-10-21
PTL-10142,2023-11-01
PTL-10143,2023-10-12
PTL-10145,2023-09-28
PTL-10146,2023-10-27
PTL-10147,2023-10-10
PTL-10148,2023-10-04
PTL-10149,2023-10-09
PTL-10150,2023-10-23
PTL-10153,2023-10-19
PTL-10154,2023-10-26
PTL-10158,2023-11-02
PTL-10159,2023-11-02
PTL-10449,2023-11-03
PTL-10462,2023-11-03
PTL-10463,2023-11-03
PTL-10464,2023-11-03
PTL-10465,2023-11-03
PTL-10466,2023-11-03
PTL-10468,2023-11-06
PTL-10469,2023-11-06
PTL-10470,2023-11-06
PTL-10471,2023-11-06
PTL-10475,2023-11-06
PTL-10476,2023-11-06
PTL-10477,2023-11-06
PTL-10479,2023-11-06
PTL-10481,2023-11-07
PTL-10484,2023-11-07
PTL-10496,2023-11-07
PTL-10498,2023-11-07
PTL-10499,2023-11-07
PTL-10505,2023-11-07
PTL-10515,2023-11-08
PTL-10516,2023-11-08
PTL-10524,2023-11-08
PTL-10525,2023-11-08
PTL-10526,2023-11-08
PTL-10529,2023-11-08
PTL-10530,2023-11-08
PTL-10541,2023-11-08
PTL-10542,2023-11-09
PTL-10543,2023-11-09
PTL-10544,2023-11-09
PTL-10549,2023-11-09
PTL-10550,2023-11-09
PTL-10551,2023-11-09
PTL-10586,2023-11-13
PTL-10587,2023-11-13
PTL-10592,2023-11-13
PTL-10593,2023-11-13
PTL-10594,2023-11-13
PTL-10595,2023-11-13
PTL-10596,2023-11-13
PTL-10601,2023-11-13
PTL-10602,2023-11-13
PTL-10604,2023-11-14
PTL-10605,2023-11-14
PTL-10607,2023-11-14
PTL-10610,2023-11-14
PTL-10613,2023-11-14
PTL-10614,2023-11-14
PTL-10618,2023-11-15
PTL-10619,2023-11-15
PTL-10621,2023-11-15
PTL-10623,2023-11-15
PTL-10626,2023-11-15
PTL-10627,2023-11-15
PTL-10628,2023-11-15
PTL-10630,2023-11-16
PTL-10632,2023-11-16
PTL-10633,2023-11-16
PTL-10635,2023-11-16
PTL-10636,2023-11-16
PTL-10661,2023-11-17
PTL-10665,2023-11-17
PTL-10673,2023-11-21
PTL-10674,2023-11-21
PTL-10676,2023-11-21
PTL-10677,2023-11-21
PTL-10679,2023-11-21
PTL-10680,2023-11-21
PTL-10682,2023-11-21
PTL-10686,2023-11-22
PTL-10687,2023-11-22
PTL-10692,2023-11-22
PTL-10693,2023-11-22
PTL-10695,2023-11-22
PTL-10696,2023-11-22
PTL-10700,2023-11-23
PTL-10701,2023-11-23
PTL-10703,2023-11-23
PTL-10705,2023-11-23
PTL-10708,2023-11-24
PTL-10709,2023-11-24
PTL-10710,2023-11-24
PTL-10711,2023-11-24
PTL-10712,2023-11-24
PTL-10713,2023-11-26
PTL-10714,2023-11-27
PTL-10715,2023-11-27
PTL-10717,2023-11-27
PTL-10718,2023-11-27
PTL-10719,2023-11-27
PTL-10723,2023-11-28
PTL-10724,2023-11-28
PTL-10727,2023-11-28
PTL-10728,2023-11-28
PTL-10729,2023-11-28
PTL-10730,2023-11-28
PTL-10731,2023-11-28
PTL-10732,2023-11-28
PTL-10735,2023-11-28
PTL-10744,2023-11-29
PTL-10745,2023-11-29
PTL-10746,2023-11-29
PTL-10747,2023-11-30
PTL-10748,2023-11-30
PTL-10749,2023-11-30
PTL-10874,2023-11-30
PTL-10875,2023-11-30
PTL-10877,2023-11-30
PTL-10878,2023-11-30
PTL-10880,2023-12-01
PTL-10881,2023-12-01
PTL-10884,2023-12-01
PTL-10885,2023-12-01
PTL-10886,2023-12-01
PTL-10887,2023-12-01
PTL-10890,2023-12-01
PTL-10891,2023-12-01
PTL-10892,2023-12-01
PTL-10893,2023-12-01
PTL-10895,2023-12-03
PTL-10897,2023-12-04
PTL-10898,2023-12-04
PTL-10899,2023-12-04
PTL-10900,2023-12-04
PTL-10901,2023-12-04
PTL-10903,2023-12-04
PTL-10904,2023-12-04
PTL-10905,2023-12-04
PTL-10907,2023-12-04
PTL-10909,2023-12-05
PTL-11009,2023-12-05
PTL-11016,2023-12-05
PTL-11031,2023-12-05
PTL-11033,2023-12-05
PTL-11035,2023-12-05
PTL-11036,2023-12-05
PTL-11046,2023-12-06
PTL-11047,2023-12-06
PTL-11048,2023-12-07
PTL-11073,2023-12-07
PTL-11080,2023-12-07
PTL-11104,2023-12-07
PTL-11105,2023-12-07
PTL-11106,2023-12-07
PTL-11107,2023-12-07
PTL-11108,2023-12-07
PTL-11109,2023-12-07
PTL-11110,2023-12-07
PTL-11111,2023-12-07
PTL-11159,2023-12-08
PTL-11160,2023-12-08
PTL-11161,2023-12-08
PTL-11162,2023-12-08
PTL-11163,2023-12-08
PTL-11164,2023-12-08
PTL-11165,2023-12-08
PTL-11167,2023-12-11
PTL-11170,2023-12-12
PTL-11171,2023-12-12
PTL-11172,2023-12-12
PTL-11173,2023-12-12
PTL-11174,2023-12-12
PTL-11237,2023-12-13
PTL-11238,2023-12-13
PTL-11244,2023-12-14
PTL-11245,2023-12-14
PTL-11256,2023-12-15
PTL-11258,2023-12-15
PTL-11259,2023-12-15
PTL-11262,2023-12-16
PTL-11264,2023-12-16
PTL-11265,2023-12-18
PTL-11266,2023-12-18
PTL-11267,2023-12-18
PTL-11268,2023-12-18
PTL-11271,2023-12-19
PTL-11272,2023-12-19
PTL-11275,2023-12-19
PTL-11278,2023-12-20
PTL-11279,2023-12-20
PTL-11280,2023-12-20
PTL-11282,2023-12-20
PTL-11284,2023-12-21
PTL-11285,2023-12-21
PTL-11286,2023-12-21
PTL-11287,2023-12-21
PTL-11288,2023-12-21
PTL-11289,2023-12-21
PTL-11290,2023-12-21
PTL-11291,2023-12-21
PTL-11292,2023-12-21
PTL-11293,2023-12-22
PTL-11294,2023-12-22
PTL-11295,2023-12-27
PTL-11296,2023-12-29
